;movie_code;duration;facenumber_in_poster;country;budget;gross;num_voted_users;num_user_for_reviews;num_critic_for_reviews;movie_facebook_likes;director_facebook_likes;actor_1_facebook_likes;actor_2_facebook_likes;actor_3_facebook_likes;cast_total_facebook_likes;imdb_score;imdb_score_class
198;199;;1.0;UK;;;381;2.0;1.0;40;0.0;10000.0;570.0;159.0;11036;7.5;Good
2363;2364;93.0;0.0;USA;19000000.0;40846082.0;45317;536.0;147.0;0;37.0;885.0;828.0;545.0;2872;5.6;Fair
740;741;111.0;0.0;USA;60000000.0;71844424.0;33158;223.0;136.0;0;197.0;433.0;208.0;6.0;679;7.3;Good
1486;1487;94.0;2.0;USA;35000000.0;13264986.0;12077;162.0;44.0;433;10.0;694.0;605.0;141.0;1668;6.0;Fair
3553;3554;99.0;0.0;USA;6500000.0;84263837.0;81699;291.0;271.0;45000;40.0;1000.0;421.0;300.0;2323;5.4;Fair
997;998;115.0;0.0;USA;50000000.0;31874869.0;43574;302.0;136.0;0;58.0;33000.0;455.0;401.0;34606;6.1;Good
1523;1524;138.0;0.0;USA;40000000.0;141340178.0;181879;319.0;81.0;0;0.0;10000.0;2000.0;574.0;14619;7.6;Good
3711;3712;101.0;0.0;USA;5000000.0;32453345.0;31791;155.0;220.0;10000;52.0;510.0;358.0;332.0;2161;5.0;Fair
4813;4814;89.0;0.0;France;6000000.0;12843.0;27297;131.0;279.0;0;33.0;470.0;378.0;118.0;1233;6.1;Good
218;219;124.0;0.0;USA;125000000.0;186739919.0;333248;1159.0;239.0;19000;776.0;15000.0;2000.0;812.0;20553;6.4;Good
1210;1211;117.0;1.0;USA;40000000.0;72455275.0;113068;382.0;89.0;0;0.0;855.0;363.0;322.0;2144;7.8;Good
1727;1728;118.0;1.0;Germany;30000000.0;;10175;23.0;46.0;0;55.0;113.0;11.0;11.0;143;7.1;Good
4530;4531;91.0;1.0;Norway;1100000.0;;512;2.0;16.0;234;2.0;321.0;287.0;9.0;622;4.9;Fair
2020;2021;120.0;5.0;USA;24000000.0;101334374.0;124941;488.0;195.0;0;0.0;865.0;851.0;221.0;2321;6.1;Good
2284;2285;103.0;1.0;UK;20000000.0;11034436.0;13505;180.0;137.0;0;350.0;5000.0;378.0;99.0;5637;7.1;Good
4669;4670;93.0;4.0;USA;600000.0;35688.0;4167;72.0;6.0;0;247.0;247.0;217.0;152.0;954;5.1;Fair
4640;4641;97.0;0.0;USA;3000000.0;;139;3.0;10.0;52;171.0;1000.0;171.0;76.0;1343;7.3;Good
2504;2505;99.0;7.0;USA;;24708699.0;7991;30.0;62.0;0;17.0;918.0;912.0;826.0;4797;4.9;Fair
2766;2767;101.0;0.0;USA;15000000.0;;1554;20.0;22.0;0;34.0;892.0;355.0;277.0;2055;5.7;Fair
4560;4561;97.0;1.0;USA;1000000.0;2508841.0;21746;93.0;181.0;0;33.0;496.0;238.0;229.0;994;7.2;Good
1876;1877;93.0;0.0;USA;80000000.0;84185387.0;33180;149.0;94.0;567;67.0;4000.0;2000.0;596.0;7800;4.9;Fair
4333;4334;107.0;1.0;USA;;4556.0;4478;23.0;41.0;825;17.0;594.0;591.0;322.0;2020;5.6;Fair
1350;1351;94.0;1.0;USA;30000000.0;71038190.0;23473;123.0;76.0;8000;99.0;598.0;557.0;377.0;3552;4.4;Fair
5036;5037;95.0;1.0;USA;9000.0;4584.0;1338;14.0;14.0;413;0.0;296.0;205.0;133.0;690;6.4;Good
4769;4770;90.0;3.0;USA;500000.0;;5025;45.0;26.0;701;0.0;322.0;178.0;120.0;630;6.6;Good
1948;1949;97.0;1.0;USA;25000000.0;23527955.0;74691;165.0;213.0;0;41.0;11000.0;673.0;619.0;12841;6.4;Good
2694;2695;124.0;0.0;USA;15000000.0;10763469.0;13692;55.0;42.0;877;11000.0;11000.0;860.0;563.0;12685;6.4;Good
1708;1709;134.0;2.0;Canada;;7501404.0;21086;87.0;193.0;0;12.0;891.0;460.0;329.0;1873;7.3;Good
416;417;145.0;1.0;USA;85000000.0;57010853.0;119286;548.0;229.0;0;252.0;879.0;691.0;210.0;2380;7.3;Good
147;148;93.0;0.0;USA;145000000.0;216366733.0;119213;154.0;211.0;17000;35.0;851.0;770.0;436.0;2444;6.9;Good
1304;1305;110.0;2.0;USA;40000000.0;5773519.0;28618;91.0;159.0;11000;118.0;11000.0;1000.0;287.0;12876;6.0;Fair
2922;2923;116.0;2.0;USA;11000000.0;78900000.0;91414;359.0;148.0;0;120.0;12000.0;980.0;664.0;16539;7.7;Good
2968;2969;100.0;0.0;UK;;11634362.0;60171;296.0;160.0;0;73.0;19000.0;14000.0;1000.0;34700;7.0;Good
4674;4675;75.0;0.0;USA;750000.0;;1477;24.0;21.0;274;21.0;25.0;0.0;0.0;25;7.7;Good
2043;2044;80.0;0.0;UK;28000000.0;669276.0;2541;47.0;10.0;408;18.0;742.0;83.0;73.0;1088;7.2;Good
3938;3939;99.0;3.0;UK;3000000.0;302204.0;6705;53.0;43.0;167;13.0;419.0;254.0;159.0;975;6.6;Good
2714;2715;88.0;1.0;USA;15000000.0;6373693.0;11498;53.0;97.0;0;96.0;24000.0;971.0;360.0;25637;5.3;Fair
67;68;94.0;2.0;USA;175000000.0;198332128.0;114553;187.0;219.0;0;11.0;1000.0;973.0;459.0;2579;6.5;Good
1466;1467;96.0;1.0;USA;35000000.0;22913677.0;47800;244.0;89.0;0;13.0;11000.0;1000.0;973.0;17292;6.3;Good
915;916;107.0;5.0;USA;50000000.0;80270227.0;66382;612.0;144.0;0;422.0;631.0;534.0;379.0;2297;5.1;Fair
180;181;107.0;0.0;USA;135000000.0;123207194.0;183208;337.0;362.0;26000;563.0;40000.0;1000.0;939.0;43291;7.2;Good
2372;2373;125.0;0.0;Japan;19000000.0;10049886.0;417971;902.0;246.0;28000;6000.0;17.0;10.0;7.0;44;8.6;Excellent
1960;1961;99.0;1.0;USA;25000000.0;14983572.0;9361;162.0;86.0;378;154.0;774.0;692.0;347.0;2498;4.7;Fair
2303;2304;83.0;2.0;USA;12000000.0;7001720.0;8560;205.0;45.0;797;119.0;885.0;816.0;633.0;2907;4.3;Fair
2569;2570;101.0;1.0;USA;16000000.0;14108518.0;8215;95.0;46.0;371;6.0;812.0;326.0;258.0;1882;5.7;Fair
3189;3190;111.0;0.0;USA;10000000.0;3333823.0;5612;122.0;23.0;0;60.0;823.0;759.0;699.0;5262;5.5;Fair
2805;2806;98.0;3.0;France;14000000.0;4291965.0;9334;59.0;108.0;447;176.0;543.0;113.0;15.0;678;6.7;Good
3443;3444;102.0;3.0;Canada;7500000.0;4239767.0;3709;83.0;9.0;0;329.0;611.0;329.0;280.0;1834;6.0;Fair
1158;1159;123.0;7.0;USA;43000000.0;159578352.0;133177;380.0;270.0;24000;176.0;975.0;815.0;749.0;4825;6.6;Good
426;427;86.0;3.0;USA;84000000.0;153288182.0;71424;521.0;138.0;0;67.0;4000.0;2000.0;271.0;6355;4.9;Fair
1379;1380;93.0;1.0;USA;65000000.0;68208190.0;60572;144.0;40.0;0;10.0;789.0;744.0;405.0;2986;6.3;Good
2127;2128;101.0;3.0;USA;21500000.0;22294341.0;12278;71.0;27.0;758;88.0;957.0;821.0;812.0;4629;6.5;Good
3471;3472;121.0;3.0;UK;7000000.0;35400000.0;74957;251.0;136.0;0;82.0;581.0;547.0;189.0;1865;6.8;Good
4244;4245;77.0;0.0;UK;;;1355;21.0;33.0;275;0.0;846.0;366.0;260.0;2044;4.8;Fair
856;857;44.0;4.0;USA;1400000.0;;63982;181.0;77.0;0;;847.0;440.0;72.0;1359;8.4;Excellent
258;259;119.0;0.0;USA;120000000.0;98780042.0;136019;443.0;447.0;14000;1000.0;11000.0;1000.0;741.0;13391;5.8;Fair
3638;3639;97.0;0.0;USA;6000000.0;117560.0;2330;29.0;36.0;224;781.0;596.0;206.0;90.0;1081;6.2;Good
2890;2891;94.0;0.0;USA;13000000.0;51872378.0;88241;266.0;285.0;23000;122.0;873.0;461.0;383.0;2812;6.7;Good
3383;3384;93.0;3.0;USA;5000000.0;14015786.0;37952;298.0;107.0;938;44.0;15000.0;11000.0;596.0;27646;6.5;Good
3472;3473;95.0;0.0;USA;5000000.0;34099640.0;16651;149.0;79.0;0;13.0;1000.0;934.0;430.0;2515;7.0;Good
2252;2253;108.0;2.0;USA;19000000.0;25753840.0;219091;592.0;165.0;12000;0.0;16000.0;4000.0;844.0;23296;7.3;Good
297;298;78.0;1.0;USA;100000000.0;89296573.0;128285;297.0;141.0;0;10.0;558.0;452.0;253.0;2039;7.3;Good
2180;2181;100.0;9.0;USA;20000000.0;55461307.0;4654;46.0;81.0;18000;24.0;15000.0;1000.0;851.0;18786;6.7;Good
963;964;101.0;1.0;USA;50000000.0;66002004.0;36431;168.0;117.0;1000;23.0;660.0;651.0;541.0;2177;4.7;Fair
5030;5031;82.0;;USA;200000.0;;133;8.0;13.0;424;120.0;785.0;98.0;84.0;1111;5.4;Fair
2130;2131;112.0;0.0;USA;17000000.0;16684352.0;67893;163.0;275.0;18000;11000.0;385.0;223.0;159.0;1205;6.3;Good
4962;4963;82.0;0.0;USA;20000.0;;73;4.0;2.0;178;7.0;143.0;134.0;50.0;417;3.2;Bad
451;452;138.0;0.0;USA;80000000.0;127968405.0;786092;964.0;490.0;53000;17000.0;29000.0;223.0;163.0;29585;8.1;Excellent
563;564;128.0;4.0;USA;82000000.0;36381716.0;197584;918.0;435.0;42000;0.0;4000.0;2000.0;826.0;7067;6.1;Good
2665;2666;134.0;1.0;UK;11500000.0;22954968.0;45703;156.0;58.0;0;133.0;12000.0;310.0;258.0;12749;7.9;Good
2844;2845;97.0;6.0;USA;16000000.0;38176108.0;222099;549.0;133.0;10000;19.0;23000.0;13000.0;835.0;37907;7.2;Good
352;353;82.0;2.0;USA;90000000.0;245823397.0;385871;515.0;191.0;0;487.0;15000.0;1000.0;967.0;21275;7.9;Good
4799;4800;92.0;0.0;USA;400000.0;425899.0;1123;31.0;4.0;638;4.0;93.0;31.0;12.0;168;5.1;Fair
2103;2104;104.0;5.0;USA;22000000.0;30059386.0;128593;867.0;181.0;0;0.0;8000.0;1000.0;898.0;11632;6.9;Good
1409;1410;120.0;2.0;USA;35000000.0;134455175.0;97664;232.0;275.0;17000;91.0;4000.0;904.0;680.0;5826;5.7;Fair
3572;3573;102.0;0.0;New Zealand;6500000.0;;2892;18.0;12.0;830;9.0;1000.0;433.0;368.0;1904;6.5;Good
397;398;108.0;1.0;USA;75000000.0;176049130.0;348232;806.0;239.0;0;521.0;13000.0;805.0;129.0;14161;7.8;Good
3358;3359;174.0;3.0;USA;8200000.0;163214286.0;148172;406.0;119.0;15000;338.0;354.0;209.0;195.0;1495;8.0;Good
2831;2832;121.0;1.0;USA;13000000.0;123922370.0;98348;131.0;62.0;0;272.0;49000.0;263.0;227.0;50141;7.3;Good
193;194;107.0;1.0;USA;135000000.0;77564037.0;177383;447.0;440.0;44000;14000.0;2000.0;871.0;845.0;4631;7.4;Good
396;397;108.0;0.0;USA;100000000.0;197992827.0;132501;548.0;206.0;0;750.0;49000.0;20000.0;971.0;70996;6.5;Good
2308;2309;106.0;0.0;Mexico;20000000.0;6420319.0;15978;122.0;45.0;15000;38.0;1000.0;1000.0;975.0;5705;7.4;Good
1554;1555;105.0;1.0;France;33000000.0;99462.0;11347;28.0;122.0;5000;0.0;716.0;648.0;223.0;1843;7.1;Good
1227;1228;108.0;0.0;USA;40000000.0;53955614.0;77415;139.0;100.0;0;287.0;4000.0;835.0;823.0;8610;6.1;Good
1083;1084;153.0;2.0;USA;46000000.0;60962878.0;383591;620.0;454.0;86000;777.0;20000.0;15000.0;1000.0;37321;8.1;Excellent
3867;3868;85.0;3.0;USA;4400000.0;;917;4.0;5.0;224;358.0;19000.0;570.0;212.0;20397;5.9;Fair
2506;2507;112.0;4.0;USA;17000000.0;64998368.0;213898;250.0;223.0;36000;36.0;10000.0;751.0;746.0;12676;7.2;Good
4839;4840;109.0;0.0;USA;200000.0;5199.0;720;23.0;13.0;30;3.0;54.0;53.0;25.0;185;6.6;Good
942;943;124.0;2.0;USA;50000000.0;91030827.0;46482;252.0;65.0;0;0.0;8000.0;818.0;701.0;9988;6.7;Good
2618;2619;101.0;0.0;USA;300000.0;47000000.0;157857;1191.0;318.0;12000;0.0;2000.0;742.0;598.0;4400;7.9;Good
3546;3547;108.0;1.0;USA;6800000.0;49526.0;16299;129.0;74.0;1000;3.0;710.0;697.0;436.0;2119;7.0;Good
4117;4118;111.0;1.0;USA;25000000.0;33631221.0;48562;145.0;175.0;0;81.0;3000.0;571.0;81.0;3784;6.0;Fair
3732;3733;101.0;1.0;USA;5000000.0;18656400.0;86077;195.0;309.0;45000;25.0;17000.0;2000.0;423.0;19673;7.5;Good
3651;3652;111.0;0.0;France;5300000.0;3895664.0;34383;149.0;88.0;0;82.0;809.0;447.0;269.0;1858;7.3;Good
3030;3031;120.0;1.0;USA;11000000.0;52929168.0;82743;201.0;54.0;7000;36.0;886.0;655.0;633.0;3280;7.5;Good
231;232;135.0;0.0;USA;120000000.0;43929341.0;57873;414.0;284.0;0;0.0;690.0;107.0;87.0;902;6.1;Good
2762;2763;119.0;0.0;USA;14000000.0;156645693.0;55101;201.0;94.0;3000;213.0;886.0;276.0;249.0;1639;6.9;Good
801;802;90.0;1.0;USA;60000000.0;11802056.0;31640;109.0;127.0;791;48.0;973.0;400.0;196.0;1865;4.9;Fair
110;111;184.0;0.0;USA;140000000.0;198539855.0;254111;1999.0;191.0;0;0.0;3000.0;961.0;691.0;5401;6.1;Good
227;228;77.0;0.0;USA;120000000.0;64736114.0;36471;69.0;71.0;459;50.0;886.0;799.0;537.0;2682;5.4;Fair
3149;3150;130.0;1.0;USA;10000000.0;21589307.0;135286;261.0;368.0;27000;337.0;11000.0;1000.0;820.0;13960;7.4;Good
1089;1090;136.0;0.0;USA;30000000.0;67253092.0;92702;209.0;127.0;0;49.0;17000.0;807.0;730.0;20299;7.2;Good
1053;1054;123.0;1.0;USA;48000000.0;37339525.0;71708;307.0;158.0;0;0.0;3000.0;745.0;23.0;3768;7.0;Good
4704;4705;94.0;2.0;USA;700000.0;;1432;19.0;10.0;0;7.0;956.0;945.0;912.0;4767;5.3;Fair
821;822;103.0;2.0;USA;58000000.0;29580087.0;29523;121.0;133.0;0;30.0;963.0;935.0;727.0;3150;4.7;Fair
95;96;169.0;1.0;USA;165000000.0;187991439.0;928227;2725.0;712.0;349000;22000.0;11000.0;11000.0;6000.0;31488;8.6;Excellent
1560;1561;90.0;1.0;Ireland;28000000.0;17848322.0;18771;102.0;90.0;702;29.0;638.0;160.0;142.0;961;5.9;Fair
2744;2745;90.0;5.0;USA;15000000.0;28870.0;14280;41.0;62.0;0;68.0;17000.0;14000.0;642.0;32814;5.1;Fair
4211;4212;120.0;10.0;USA;2400000.0;5731103.0;4100;35.0;28.0;352;0.0;1000.0;748.0;702.0;5963;6.8;Good
2365;2366;90.0;4.0;USA;27000000.0;;60;6.0;6.0;1000;97.0;731.0;634.0;319.0;2374;5.0;Fair
4981;4982;87.0;0.0;USA;;;760;4.0;15.0;209;8.0;969.0;778.0;272.0;2398;6.3;Good
1412;1413;129.0;1.0;Japan;35000000.0;110008260.0;94241;309.0;332.0;25000;0.0;492.0;392.0;213.0;1450;6.3;Good
90;91;100.0;0.0;USA;165000000.0;665426.0;120798;444.0;188.0;10000;0.0;15000.0;726.0;267.0;16264;6.6;Good
2343;2344;106.0;1.0;Spain;;54734.0;20821;62.0;140.0;0;448.0;9000.0;750.0;648.0;10982;5.7;Fair
1509;1510;;0.0;USA;23000000.0;;219;;;26;194.0;970.0;856.0;816.0;3874;7.2;Good
4272;4273;91.0;0.0;USA;2000000.0;3885134.0;31130;243.0;151.0;0;244.0;538.0;363.0;244.0;1349;7.4;Good
170;171;124.0;0.0;USA;140000000.0;176636816.0;508818;679.0;510.0;46000;394.0;11000.0;3000.0;2000.0;19761;6.9;Good
2423;2424;103.0;1.0;USA;18000000.0;26400000.0;62009;109.0;77.0;2000;130.0;691.0;476.0;406.0;2481;5.8;Fair
1312;1313;84.0;3.0;France;40000000.0;4777007.0;15130;98.0;61.0;565;8.0;545.0;248.0;219.0;1149;5.8;Fair
2086;2087;84.0;1.0;USA;22000000.0;55762229.0;47383;132.0;75.0;1000;42.0;436.0;241.0;182.0;1203;4.8;Fair
174;175;100.0;0.0;Australia;135000000.0;63992328.0;32399;79.0;156.0;0;750.0;49000.0;11000.0;988.0;62644;5.9;Fair
4363;4364;109.0;0.0;USA;;841206.0;2603;34.0;68.0;952;0.0;553.0;471.0;186.0;1439;6.3;Good
3828;3829;101.0;3.0;USA;4700000.0;8025872.0;19234;258.0;159.0;0;365.0;237.0;28.0;14.0;302;5.5;Fair
3241;3242;104.0;4.0;Spain;10000000.0;3607.0;22753;94.0;71.0;0;275.0;439.0;161.0;102.0;940;6.1;Good
1526;1527;85.0;0.0;Belgium;34000000.0;4091.0;4265;16.0;60.0;0;0.0;324.0;15.0;11.0;369;6.3;Good
4855;4856;94.0;0.0;USA;250000.0;1977544.0;3513;36.0;23.0;423;4.0;360.0;273.0;10.0;656;6.5;Good
3347;3348;128.0;2.0;India;;1207007.0;13577;47.0;15.0;341;11.0;3000.0;687.0;119.0;4004;7.3;Good
2398;2399;110.0;1.0;USA;16000000.0;13998282.0;24854;374.0;169.0;31000;179.0;12000.0;1000.0;734.0;15044;3.1;Bad
4721;4722;83.0;6.0;Slovenia;500000.0;;86;2.0;2.0;18;0.0;0.0;0.0;0.0;0;6.4;Good
2023;2024;98.0;4.0;USA;24000000.0;57262492.0;90374;318.0;129.0;0;36.0;13000.0;2000.0;900.0;17582;6.7;Good
4654;4655;95.0;1.0;USA;825000.0;15278.0;1742;158.0;16.0;409;14.0;284.0;234.0;221.0;1185;5.6;Fair
1212;1213;147.0;1.0;USA;40000000.0;74098862.0;656640;1732.0;374.0;13000;436.0;3000.0;472.0;175.0;3924;8.1;Excellent
4900;4901;97.0;2.0;USA;200000.0;78030.0;1034;10.0;37.0;569;151.0;1000.0;1000.0;305.0;3021;6.5;Good
3575;3576;121.0;2.0;Germany;4800000.0;4063859.0;114407;225.0;153.0;11000;31.0;65.0;51.0;43.0;200;7.7;Good
1736;1737;128.0;3.0;USA;30000000.0;37036404.0;44816;259.0;148.0;0;0.0;955.0;869.0;754.0;5404;6.4;Good
4666;4667;104.0;0.0;France;800000.0;144583.0;2256;79.0;29.0;130;37.0;574.0;573.0;501.0;1983;6.5;Good
3680;3681;99.0;3.0;USA;5500000.0;56007.0;3754;69.0;27.0;113;56.0;4000.0;902.0;781.0;6776;4.9;Fair
867;868;122.0;2.0;UK;55000000.0;41609593.0;145422;572.0;149.0;0;287.0;22000.0;2000.0;135.0;24270;7.3;Good
4781;4782;82.0;6.0;USA;500000.0;;53;5.0;1.0;62;5.0;472.0;251.0;237.0;1752;4.3;Fair
1692;1693;110.0;1.0;USA;35000000.0;16295774.0;33669;269.0;81.0;0;8.0;1000.0;692.0;322.0;3000;4.6;Fair
1105;1106;111.0;1.0;USA;45000000.0;46815748.0;32544;69.0;42.0;0;161.0;11000.0;894.0;132.0;12161;6.3;Good
2768;2769;98.0;1.0;USA;15000000.0;68856263.0;69733;97.0;39.0;0;226.0;953.0;730.0;496.0;2496;6.9;Good
4098;4099;108.0;4.0;USA;3300000.0;2961991.0;15885;78.0;42.0;0;232.0;10000.0;721.0;353.0;11459;6.9;Good
4904;4905;106.0;0.0;USA;30000000.0;32154410.0;148334;274.0;450.0;29000;0.0;17000.0;681.0;273.0;18469;7.1;Good
2538;2539;128.0;0.0;USA;16400000.0;95860116.0;277451;491.0;96.0;23000;608.0;49000.0;1000.0;1000.0;51609;8.0;Good
2280;2281;108.0;1.0;USA;22000000.0;12232937.0;22823;113.0;113.0;0;212.0;969.0;794.0;347.0;2799;5.6;Fair
3616;3617;94.0;0.0;USA;6500000.0;4693919.0;11011;78.0;42.0;422;0.0;1000.0;1000.0;664.0;4484;4.6;Fair
2117;2118;145.0;1.0;Netherlands;21000000.0;4398392.0;59507;232.0;231.0;0;719.0;2000.0;380.0;104.0;2590;7.8;Good
2568;2569;113.0;0.0;USA;16000000.0;19057024.0;113963;361.0;158.0;24000;47.0;21000.0;541.0;238.0;22088;7.2;Good
1342;1343;118.0;0.0;USA;35000000.0;75668868.0;60504;249.0;98.0;0;18.0;1000.0;946.0;906.0;6427;6.6;Good
341;342;100.0;1.0;USA;115000000.0;131144183.0;157016;824.0;199.0;0;165.0;11000.0;509.0;240.0;12150;5.7;Fair
3494;3495;79.0;0.0;USA;350000.0;;440;21.0;8.0;44;0.0;246.0;29.0;23.0;345;4.1;Fair
1080;1081;97.0;1.0;USA;45000000.0;93452056.0;184795;310.0;207.0;22000;0.0;11000.0;2000.0;760.0;14868;7.4;Good
3933;3934;103.0;0.0;USA;4500000.0;;4091;20.0;35.0;987;5.0;1000.0;1000.0;842.0;3408;5.7;Fair
3333;3334;96.0;9.0;USA;8500000.0;21564616.0;7098;41.0;52.0;0;68.0;3000.0;1000.0;1000.0;8097;5.0;Fair
2091;2092;170.0;1.0;USA;22000000.0;59696176.0;15448;174.0;61.0;15000;25.0;329.0;134.0;55.0;775;5.6;Fair
4145;4146;80.0;1.0;USA;3000000.0;;2425;31.0;28.0;968;81.0;640.0;277.0;214.0;1517;4.9;Fair
3289;3290;88.0;2.0;USA;9000000.0;18225165.0;155262;316.0;150.0;0;8.0;982.0;729.0;587.0;3114;7.1;Good
2727;2728;111.0;0.0;Spain;15000000.0;2203641.0;42792;162.0;150.0;0;122.0;918.0;278.0;25.0;1252;6.7;Good
4796;4797;96.0;2.0;USA;100000.0;11798.0;179;18.0;8.0;39;14.0;361.0;14.0;6.0;387;4.7;Fair
2716;2717;92.0;1.0;USA;15000000.0;5306447.0;58967;169.0;218.0;10000;11000.0;860.0;658.0;386.0;2717;7.2;Good
542;543;45.0;1.0;USA;;;29450;67.0;12.0;0;;374.0;130.0;0.0;504;8.3;Excellent
696;697;127.0;0.0;USA;63000000.0;356784000.0;613473;895.0;308.0;19000;14000.0;967.0;610.0;191.0;2129;8.1;Excellent
308;309;121.0;4.0;USA;100000000.0;184031112.0;190786;539.0;144.0;0;541.0;920.0;710.0;680.0;2880;5.4;Fair
2246;2247;121.0;2.0;USA;20000000.0;;33597;185.0;52.0;0;503.0;2000.0;92.0;83.0;2251;7.0;Good
948;949;124.0;3.0;USA;;75621915.0;111003;199.0;257.0;22000;488.0;19000.0;13000.0;1000.0;36873;7.1;Good
1352;1353;98.0;1.0;USA;38000000.0;22770864.0;8433;85.0;55.0;168;11.0;854.0;543.0;466.0;2765;5.5;Fair
103;104;109.0;0.0;USA;150000000.0;63143812.0;124185;238.0;235.0;11000;226.0;12000.0;418.0;370.0;13388;6.1;Good
347;348;137.0;0.0;USA;107000000.0;22406362.0;16832;267.0;106.0;701;102.0;2000.0;973.0;877.0;5780;6.0;Fair
2717;2718;105.0;4.0;USA;15000000.0;5217498.0;3668;85.0;49.0;157;52.0;477.0;397.0;275.0;2312;4.6;Fair
3674;3675;91.0;1.0;UK;5500000.0;1292119.0;14786;144.0;100.0;0;14.0;14000.0;1000.0;548.0;16768;7.1;Good
1067;1068;81.0;1.0;USA;47000000.0;10539414.0;45729;176.0;178.0;0;39.0;13000.0;541.0;364.0;14619;4.7;Fair
3771;3772;122.0;0.0;France;4000000.0;3950029.0;12411;89.0;195.0;0;22.0;186.0;135.0;32.0;416;7.2;Good
276;277;97.0;0.0;USA;105000000.0;104374107.0;89351;214.0;228.0;5000;63.0;852.0;578.0;525.0;2480;7.1;Good
1863;1864;117.0;0.0;USA;26000000.0;12276810.0;57674;126.0;178.0;11000;763.0;16000.0;543.0;523.0;17847;6.5;Good
356;357;90.0;1.0;USA;100000000.0;124870275.0;152601;156.0;191.0;0;97.0;622.0;526.0;56.0;1227;7.0;Good
4518;4519;105.0;0.0;USA;;247740.0;285;8.0;12.0;51;0.0;;;;0;4.7;Fair
1319;1320;107.0;1.0;USA;20000000.0;7564000.0;54650;223.0;79.0;12000;34.0;11000.0;922.0;472.0;13821;6.2;Good
4240;4241;125.0;0.0;USA;2100000.0;3330.0;22;1.0;4.0;305;7.0;128.0;22.0;17.0;214;7.2;Good
3890;3891;150.0;0.0;UK;140000000.0;65007045.0;128694;657.0;314.0;51000;0.0;23000.0;892.0;748.0;26489;6.1;Good
2149;2150;114.0;2.0;USA;35000000.0;69700000.0;7748;48.0;11.0;0;19.0;1000.0;883.0;842.0;3688;5.8;Fair
1218;1219;123.0;0.0;USA;34000000.0;66808615.0;87351;344.0;125.0;2000;563.0;24000.0;11000.0;8000.0;43917;6.1;Good
2790;2791;96.0;0.0;USA;14000000.0;15062898.0;11729;106.0;37.0;645;0.0;3000.0;2000.0;654.0;6861;6.0;Fair
2228;2229;104.0;1.0;USA;20000000.0;31584722.0;101730;131.0;180.0;0;14.0;2000.0;934.0;756.0;5707;6.4;Good
3868;3869;87.0;0.0;USA;4400000.0;;12666;61.0;39.0;629;0.0;898.0;842.0;753.0;2951;6.7;Good
1102;1103;94.0;1.0;France;45000000.0;50648679.0;149549;348.0;216.0;0;85.0;14000.0;706.0;443.0;16225;6.3;Good
1723;1724;91.0;7.0;France;;;9214;17.0;56.0;0;2.0;295.0;71.0;55.0;545;7.2;Good
3764;3765;91.0;0.0;USA;5000000.0;5480318.0;9427;79.0;60.0;462;84.0;1000.0;778.0;572.0;2691;6.6;Good
914;915;125.0;12.0;USA;52000000.0;110476776.0;95437;211.0;186.0;9000;0.0;14000.0;12000.0;11000.0;45696;5.7;Fair
546;547;100.0;2.0;USA;75000000.0;47000485.0;72867;120.0;140.0;0;126.0;19000.0;1000.0;925.0;25206;5.4;Fair
3602;3603;104.0;4.0;USA;6000000.0;12793213.0;18286;73.0;34.0;0;80.0;8000.0;960.0;658.0;10430;6.2;Good
4802;4803;22.0;0.0;USA;;;7458;82.0;11.0;526;;59.0;11.0;6.0;81;8.2;Excellent
4604;4605;97.0;2.0;USA;1000000.0;;534;9.0;3.0;128;0.0;639.0;361.0;94.0;1188;1.9;Bad
4161;4162;118.0;0.0;USA;2700000.0;;8856;90.0;33.0;0;19.0;481.0;81.0;48.0;681;7.4;Good
4555;4556;104.0;1.0;USA;1000000.0;3386698.0;4195;86.0;38.0;392;122.0;22000.0;472.0;458.0;23461;6.7;Good
1035;1036;104.0;5.0;USA;40000000.0;21413502.0;14429;113.0;48.0;2000;212.0;879.0;560.0;380.0;2795;6.3;Good
4709;4710;106.0;1.0;USA;600000.0;171988.0;448;16.0;15.0;12;16.0;602.0;266.0;254.0;1281;5.6;Fair
1224;1225;106.0;2.0;USA;40000000.0;59068786.0;86902;411.0;131.0;0;212.0;578.0;563.0;389.0;2544;6.4;Good
3607;3608;96.0;1.0;USA;3000000.0;11642254.0;22929;287.0;137.0;926;2.0;742.0;256.0;120.0;1308;5.2;Fair
3610;3611;122.0;0.0;USA;6000000.0;8596914.0;23023;148.0;115.0;0;0.0;697.0;394.0;221.0;1517;7.0;Good
4890;4891;106.0;1.0;USA;225000.0;1027119.0;2742;73.0;38.0;72;0.0;254.0;147.0;131.0;964;7.0;Good
2445;2446;112.0;0.0;USA;17000000.0;6734844.0;29591;118.0;38.0;0;213.0;567.0;67.0;45.0;711;5.9;Fair
4882;4883;108.0;6.0;USA;250000.0;;25;1.0;1.0;71;431.0;288.0;96.0;3.0;387;6.6;Good
1888;1889;95.0;2.0;USA;45000000.0;89808372.0;46417;297.0;133.0;660;0.0;934.0;655.0;643.0;3500;4.6;Fair
1390;1391;127.0;1.0;USA;36000000.0;14378353.0;12375;194.0;95.0;846;96.0;746.0;602.0;577.0;2393;6.8;Good
234;235;124.0;0.0;USA;120000000.0;89021735.0;387436;892.0;539.0;71000;364.0;11000.0;10000.0;1000.0;22004;7.0;Good
4176;4177;100.0;1.0;USA;2600000.0;;5012;47.0;66.0;254;6.0;331.0;272.0;209.0;1082;5.3;Fair
1773;1774;99.0;0.0;USA;28000000.0;33000377.0;27378;365.0;122.0;0;71.0;18000.0;1000.0;1000.0;23344;4.9;Fair
4084;4085;94.0;0.0;USA;;6879730.0;806;23.0;17.0;187;78.0;912.0;637.0;469.0;3049;6.9;Good
4156;4157;102.0;3.0;USA;2800000.0;22202612.0;291875;533.0;213.0;14000;149.0;695.0;421.0;357.0;2509;8.1;Excellent
2920;2921;122.0;8.0;USA;12000000.0;91547205.0;34579;62.0;77.0;0;167.0;997.0;966.0;807.0;5165;6.6;Good
4141;4142;94.0;3.0;USA;3000000.0;;706;14.0;11.0;229;0.0;854.0;602.0;356.0;1989;6.2;Good
1202;1203;155.0;0.0;USA;40000000.0;82522790.0;143835;654.0;181.0;14000;0.0;18000.0;12000.0;10000.0;42220;7.5;Good
3017;3018;89.0;6.0;USA;12000000.0;;105;7.0;3.0;634;49.0;551.0;85.0;84.0;895;2.8;Bad
4854;4855;98.0;1.0;USA;250000.0;3799339.0;8000;138.0;51.0;661;681.0;94.0;26.0;13.0;139;7.2;Good
4179;4180;86.0;6.0;USA;2500000.0;40041683.0;34620;107.0;129.0;0;89.0;713.0;584.0;555.0;3421;5.1;Fair
4361;4362;96.0;4.0;USA;1800000.0;;22764;91.0;62.0;511;88.0;595.0;356.0;196.0;1432;5.5;Fair
1275;1276;99.0;2.0;USA;40000000.0;27663982.0;26051;164.0;70.0;0;287.0;10000.0;368.0;44.0;10469;4.4;Fair
3665;3666;85.0;0.0;Spain;5600000.0;27024.0;55597;148.0;222.0;4000;57.0;37.0;9.0;6.0;73;6.6;Good
3119;3120;130.0;8.0;USA;10000000.0;30651422.0;181737;1015.0;206.0;10000;0.0;13000.0;1000.0;769.0;16693;7.4;Good
260;261;102.0;0.0;USA;110000000.0;106369117.0;225273;523.0;366.0;71000;263.0;6000.0;1000.0;1000.0;10583;6.2;Good
4409;4410;95.0;1.0;USA;1696377.0;;32927;161.0;97.0;0;13000.0;472.0;239.0;82.0;896;7.6;Good
3653;3654;115.0;0.0;USA;50000000.0;31874869.0;43575;302.0;136.0;0;58.0;33000.0;455.0;400.0;34605;6.1;Good
2579;2580;118.0;1.0;USA;16000000.0;2849142.0;24104;88.0;146.0;0;369.0;1000.0;418.0;295.0;1889;7.2;Good
3667;3668;129.0;0.0;USA;5500000.0;159600000.0;175607;252.0;119.0;0;131.0;1000.0;559.0;417.0;2387;8.3;Excellent
1875;1876;128.0;1.0;USA;28000000.0;3254172.0;29282;105.0;224.0;11000;386.0;19000.0;17000.0;203.0;36337;6.2;Good
1635;1636;126.0;1.0;USA;30000000.0;53680848.0;167967;243.0;131.0;20000;98.0;18000.0;631.0;37.0;18726;7.1;Good
3282;3283;110.0;9.0;Italy;;;8667;29.0;81.0;0;798.0;580.0;26.0;16.0;662;7.3;Good
4586;4587;97.0;0.0;UK;1000000.0;144431.0;1290;13.0;40.0;587;10.0;102.0;7.0;5.0;118;7.3;Good
4066;4067;100.0;1.0;USA;3000000.0;15369573.0;2580;54.0;16.0;710;32.0;610.0;232.0;175.0;1441;5.3;Fair
4324;4325;102.0;0.0;USA;;13220.0;289;9.0;20.0;115;0.0;473.0;303.0;46.0;892;3.9;Bad
3655;3656;90.0;0.0;USA;6000000.0;;6741;11.0;13.0;0;139.0;2000.0;2000.0;1000.0;6569;6.5;Good
3318;3319;97.0;4.0;Germany;9000000.0;1046166.0;2599;45.0;41.0;128;0.0;922.0;374.0;230.0;1835;4.2;Fair
4785;4786;89.0;2.0;USA;439000.0;2300000.0;7921;97.0;65.0;439;24.0;610.0;105.0;45.0;995;7.7;Good
593;594;141.0;1.0;USA;68000000.0;100614858.0;206776;1248.0;153.0;0;488.0;10000.0;834.0;509.0;11458;6.9;Good
31;32;195.0;3.0;USA;200000000.0;408992272.0;557489;1187.0;608.0;95000;1000.0;21000.0;4000.0;3000.0;30426;7.2;Good
4446;4447;101.0;1.0;USA;1500000.0;;1547;42.0;35.0;750;37.0;501.0;418.0;56.0;1044;3.3;Bad
4059;4060;113.0;1.0;USA;3000000.0;19184015.0;1466;35.0;24.0;63;9.0;71.0;65.0;12.0;159;5.4;Fair
3676;3677;97.0;0.0;France;5500000.0;3629758.0;44151;110.0;112.0;0;25.0;517.0;86.0;57.0;745;7.9;Good
4975;4976;80.0;0.0;USA;75000.0;;48;18.0;18.0;34;7.0;118.0;15.0;3.0;138;4.5;Fair
3762;3763;150.0;1.0;USA;5000000.0;6157157.0;21416;198.0;59.0;0;3.0;859.0;448.0;448.0;3942;7.0;Good
763;764;124.0;0.0;USA;61000000.0;46975183.0;256213;338.0;198.0;0;845.0;650.0;467.0;295.0;1640;7.2;Good
693;694;147.0;0.0;Germany;50000000.0;2208939.0;190490;482.0;226.0;26000;670.0;177.0;27.0;16.0;253;7.5;Good
969;970;144.0;0.0;USA;50000000.0;52822418.0;47764;219.0;204.0;44000;0.0;769.0;726.0;681.0;3580;7.4;Good
3416;3417;98.0;4.0;UK;8000000.0;117190.0;29994;86.0;68.0;0;36.0;10000.0;692.0;405.0;11770;6.9;Good
4385;4386;100.0;0.0;UK;1000000.0;396035.0;2725;48.0;76.0;305;87.0;887.0;805.0;420.0;2721;6.9;Good
3460;3461;156.0;0.0;USA;258000000.0;336530303.0;383071;1902.0;392.0;0;0.0;24000.0;11000.0;4000.0;46055;6.2;Good
1327;1328;98.0;0.0;USA;23000000.0;50693162.0;136580;545.0;118.0;15000;295.0;720.0;581.0;380.0;2630;7.6;Good
3479;3480;115.0;4.0;UK;20000000.0;403932.0;5254;92.0;71.0;141;187.0;14000.0;900.0;887.0;17104;6.5;Good
2199;2200;98.0;0.0;USA;20000000.0;;18481;230.0;90.0;4000;20.0;889.0;877.0;160.0;2110;5.9;Fair
4953;4954;77.0;0.0;USA;103000.0;;98;5.0;1.0;0;7.0;206.0;81.0;69.0;516;5.7;Fair
876;877;141.0;0.0;USA;55000000.0;35707327.0;199056;387.0;264.0;14000;16000.0;11000.0;963.0;539.0;12840;7.8;Good
216;217;125.0;3.0;USA;125000000.0;107285004.0;189855;1018.0;183.0;0;541.0;920.0;890.0;409.0;2699;3.7;Bad
4186;4187;75.0;0.0;USA;2500000.0;32230907.0;6062;30.0;26.0;0;15.0;1000.0;309.0;36.0;1385;6.7;Good
2217;2218;113.0;3.0;USA;20000000.0;31146570.0;55441;165.0;258.0;0;108.0;1000.0;100.0;22.0;1136;6.9;Good
4473;4474;130.0;2.0;USA;1288000.0;;87424;276.0;144.0;0;13000.0;1000.0;991.0;333.0;2888;8.2;Excellent
2374;2375;132.0;2.0;UK;25000000.0;8600000.0;17982;95.0;29.0;1000;79.0;14000.0;12000.0;1000.0;28094;7.0;Good
3058;3059;125.0;1.0;Canada;17000000.0;4068087.0;2164;74.0;25.0;0;10.0;866.0;147.0;109.0;1281;7.7;Good
3770;3771;112.0;0.0;Canada;5000000.0;4306697.0;26720;196.0;120.0;920;460.0;990.0;900.0;395.0;2820;7.7;Good
350;351;118.0;0.0;UK;95000000.0;88761720.0;141179;419.0;217.0;9000;0.0;8000.0;3000.0;1000.0;14024;5.9;Fair
4817;4818;90.0;2.0;Germany;;84689.0;695;16.0;45.0;70;0.0;0.0;0.0;0.0;0;7.5;Good
4345;4346;95.0;0.0;Spain;3000000.0;1028658.0;118684;447.0;363.0;24000;89.0;16000.0;517.0;263.0;17471;7.0;Good
2536;2537;108.0;2.0;USA;16500000.0;11702090.0;37700;50.0;72.0;0;18.0;714.0;701.0;433.0;2785;6.3;Good
4878;4879;108.0;0.0;USA;;;870;18.0;15.0;76;32.0;602.0;427.0;180.0;1991;4.5;Fair
4265;4266;80.0;0.0;USA;2700000.0;5792822.0;168398;492.0;211.0;13000;0.0;50.0;8.0;3.0;65;8.0;Good
4824;4825;94.0;0.0;Greece;;110197.0;44864;170.0;211.0;13000;252.0;47.0;37.0;14.0;126;7.3;Good
123;124;129.0;0.0;Australia;150000000.0;139259759.0;364948;2121.0;245.0;0;0.0;309.0;269.0;233.0;1062;6.7;Good
3523;3524;105.0;1.0;USA;;1425993.0;7412;72.0;52.0;0;10.0;756.0;216.0;184.0;1417;5.3;Fair
543;544;118.0;4.0;USA;53000000.0;55808744.0;59435;323.0;161.0;0;473.0;12000.0;1000.0;680.0;15889;5.7;Fair
373;374;88.0;0.0;USA;90000000.0;75817994.0;32049;179.0;122.0;988;50.0;691.0;569.0;441.0;2622;4.9;Fair
2313;2314;111.0;3.0;USA;20000000.0;5205343.0;11958;39.0;79.0;1000;650.0;690.0;224.0;181.0;1573;6.4;Good
4514;4515;94.0;3.0;USA;3000000.0;16101109.0;76467;236.0;91.0;0;6.0;16000.0;1000.0;804.0;19957;6.8;Good
3470;3471;96.0;0.0;USA;11000000.0;32131483.0;25870;369.0;140.0;2000;474.0;1000.0;970.0;82.0;2212;4.9;Fair
3242;3243;94.0;0.0;Australia;;;11950;89.0;102.0;0;10.0;122.0;109.0;72.0;375;5.8;Fair
3365;3366;109.0;1.0;USA;8000000.0;27362712.0;5971;60.0;37.0;0;44.0;1000.0;886.0;458.0;3199;6.5;Good
2369;2370;43.0;1.0;;;;29;;;0;;341.0;230.0;211.0;1462;6.6;Good
2724;2725;98.0;0.0;USA;22000000.0;3247816.0;36145;108.0;223.0;0;11000.0;12000.0;6000.0;557.0;19310;6.3;Good
2283;2284;102.0;2.0;UK;20000000.0;11169531.0;79855;235.0;248.0;0;1000.0;734.0;563.0;270.0;1778;6.4;Good
2751;2752;98.0;0.0;Italy;15000000.0;;80;4.0;4.0;18;6.0;61.0;57.0;50.0;192;5.7;Fair
3027;3028;112.0;1.0;USA;11000000.0;90556401.0;43795;171.0;128.0;0;197.0;755.0;734.0;632.0;3507;4.5;Fair
4743;4744;91.0;0.0;USA;500000.0;154077.0;6884;53.0;81.0;238;12000.0;778.0;327.0;213.0;1440;6.6;Good
4720;4721;88.0;1.0;USA;550000.0;;487;9.0;4.0;7;11.0;2000.0;433.0;221.0;2996;6.1;Good
4394;4395;90.0;0.0;Israel;1500000.0;155972.0;4702;23.0;51.0;0;21.0;53.0;30.0;27.0;137;7.3;Good
4410;4411;103.0;1.0;Canada;2000000.0;5132222.0;14112;83.0;53.0;619;460.0;991.0;971.0;900.0;2990;7.2;Good
3105;3106;90.0;6.0;USA;10000000.0;40485039.0;85362;181.0;81.0;0;65.0;18000.0;769.0;730.0;20795;6.9;Good
1866;1867;125.0;5.0;USA;25000000.0;219200000.0;181380;223.0;57.0;0;0.0;49000.0;1000.0;711.0;52201;6.9;Good
2719;2720;120.0;2.0;France;15000000.0;4956401.0;12601;89.0;68.0;0;0.0;49000.0;1000.0;693.0;51657;6.5;Good
1969;1970;110.0;1.0;USA;25000000.0;28831145.0;39357;113.0;159.0;14000;425.0;3000.0;466.0;148.0;3757;6.8;Good
4964;4965;103.0;0.0;Canada;100000.0;;16701;23.0;50.0;0;0.0;0.0;0.0;0.0;0;7.7;Good
3659;3660;94.0;2.0;UK;;69582.0;867;21.0;12.0;109;0.0;722.0;338.0;136.0;1477;6.4;Good
1615;1616;87.0;1.0;USA;30000000.0;64172251.0;19079;122.0;61.0;602;129.0;979.0;891.0;560.0;2911;5.4;Fair
3637;3638;104.0;0.0;China;6000000.0;1346503.0;3024;22.0;56.0;0;61.0;974.0;595.0;451.0;2430;6.1;Good
1335;1336;125.0;1.0;UK;39000000.0;60000000.0;49934;224.0;95.0;0;44.0;593.0;542.0;420.0;2329;4.9;Fair
4961;4962;90.0;1.0;USA;40000.0;110536.0;4117;118.0;88.0;0;56.0;126.0;76.0;56.0;284;7.0;Good
2376;2377;129.0;1.0;USA;19000000.0;8396942.0;72715;103.0;102.0;0;51.0;948.0;822.0;630.0;4324;6.5;Good
2412;2413;103.0;0.0;USA;18000000.0;41382841.0;27149;96.0;44.0;0;0.0;12000.0;899.0;805.0;14672;6.3;Good
410;411;122.0;3.0;USA;85000000.0;117144465.0;256928;288.0;238.0;0;0.0;14000.0;13000.0;11000.0;43499;6.9;Good
1588;1589;116.0;0.0;USA;25000000.0;121248145.0;260981;373.0;114.0;0;101.0;18000.0;946.0;780.0;20966;7.2;Good
1452;1453;137.0;0.0;USA;35000000.0;37304950.0;102728;279.0;392.0;16000;16000.0;29000.0;6000.0;363.0;36258;6.6;Good
2307;2308;154.0;1.0;UK;10000000.0;6201757.0;10037;202.0;103.0;608;608.0;1000.0;452.0;149.0;1690;7.4;Good
3394;3395;92.0;0.0;USA;8000000.0;5018450.0;8546;86.0;72.0;859;26.0;1000.0;905.0;417.0;2687;5.3;Fair
2156;2157;105.0;2.0;USA;33000000.0;132541238.0;30058;236.0;121.0;800;163.0;1000.0;409.0;338.0;2505;5.5;Fair
4167;4168;93.0;0.0;USA;2600000.0;119500000.0;95294;363.0;121.0;12000;0.0;1000.0;1000.0;628.0;4701;7.8;Good
313;314;101.0;0.0;USA;100000000.0;72660029.0;115687;269.0;245.0;21000;420.0;12000.0;3000.0;467.0;16235;6.0;Fair
2781;2782;82.0;0.0;USA;14000000.0;25571351.0;3135;78.0;38.0;184;12.0;23.0;12.0;8.0;49;6.6;Good
746;747;98.0;0.0;USA;50000000.0;61112916.0;14888;83.0;76.0;747;48.0;21000.0;936.0;722.0;24664;4.4;Fair
2772;2773;109.0;0.0;USA;14000000.0;61356221.0;19505;162.0;86.0;0;41.0;997.0;826.0;748.0;3544;5.2;Fair
3833;3834;;2.0;India;;;57;1.0;1.0;2;0.0;5.0;0.0;0.0;5;7.1;Good
2397;2398;88.0;1.0;USA;17000000.0;65535067.0;59380;202.0;91.0;0;31.0;1000.0;489.0;489.0;2604;5.7;Fair
2499;2500;82.0;2.0;USA;17000000.0;30324946.0;48458;239.0;63.0;0;12.0;8000.0;357.0;281.0;9271;6.2;Good
387;388;138.0;1.0;UK;100000000.0;35168677.0;49311;278.0;136.0;0;0.0;14000.0;602.0;123.0;15149;6.7;Good
3803;3804;87.0;1.0;USA;5000000.0;;10734;80.0;19.0;887;65.0;866.0;738.0;686.0;3724;6.1;Good
2517;2518;134.0;6.0;UK;17000000.0;15681020.0;33570;259.0;94.0;1000;22.0;1000.0;593.0;488.0;3007;3.6;Bad
4125;4126;83.0;1.0;USA;3000000.0;;7358;39.0;58.0;0;8.0;798.0;634.0;617.0;4756;5.3;Fair
2799;2800;86.0;5.0;USA;14000000.0;10397365.0;11693;104.0;61.0;613;70.0;878.0;834.0;169.0;2165;5.4;Fair
2498;2499;125.0;0.0;USA;170000000.0;172051787.0;264186;665.0;469.0;30000;364.0;12000.0;10000.0;1000.0;25549;6.8;Good
909;910;124.0;1.0;USA;55000000.0;5755286.0;18310;63.0;106.0;672;161.0;21000.0;3000.0;681.0;26334;5.9;Fair
3245;3246;91.0;0.0;Canada;10000000.0;;1642;11.0;5.0;0;8.0;485.0;152.0;111.0;964;4.5;Fair
4677;4678;89.0;1.0;USA;;7705974.0;3543;8.0;5.0;614;15.0;312.0;135.0;95.0;548;7.5;Good
1181;1182;102.0;6.0;USA;42000000.0;18600911.0;125198;153.0;258.0;11000;20.0;107.0;81.0;54.0;362;6.6;Good
1927;1928;97.0;0.0;USA;25000000.0;31526393.0;22243;144.0;94.0;686;27.0;601.0;543.0;522.0;2730;4.6;Fair
4370;4371;113.0;0.0;USA;1800000.0;;6267;103.0;53.0;368;15.0;647.0;642.0;491.0;2439;5.3;Fair
2045;2046;98.0;1.0;USA;24000000.0;23225911.0;80574;157.0;196.0;12000;88.0;12000.0;854.0;706.0;14699;6.5;Good
4946;4947;90.0;2.0;USA;125000.0;1573712.0;21618;62.0;171.0;3000;100.0;830.0;128.0;9.0;973;6.7;Good
4746;4747;202.0;6.0;Japan;2000000.0;269061.0;229012;596.0;153.0;11000;0.0;304.0;8.0;4.0;338;8.7;Excellent
4648;4649;112.0;1.0;USA;15000000.0;42919096.0;64748;122.0;238.0;12000;29.0;12000.0;1000.0;874.0;15800;6.5;Good
2763;2764;125.0;2.0;USA;14000000.0;178406268.0;213476;271.0;82.0;11000;0.0;8000.0;995.0;700.0;11135;6.9;Good
1972;1973;122.0;0.0;USA;25000000.0;11538204.0;23696;135.0;199.0;0;0.0;18000.0;1000.0;939.0;21163;7.0;Good
15;16;150.0;4.0;USA;225000000.0;141614023.0;149922;438.0;258.0;0;80.0;22000.0;216.0;201.0;22697;6.6;Good
1619;1620;44.0;1.0;USA;;;42746;257.0;51.0;0;;971.0;741.0;690.0;3418;8.7;Excellent
1659;1660;95.0;0.0;USA;30000000.0;35927406.0;36363;256.0;59.0;1000;40.0;663.0;349.0;342.0;2266;3.7;Bad
3007;3008;95.0;2.0;USA;7500000.0;;27052;124.0;82.0;0;165.0;686.0;327.0;280.0;1501;6.8;Good
506;507;89.0;0.0;Mexico;8000000.0;;230;1.0;3.0;138;0.0;163.0;94.0;20.0;370;4.4;Fair
3799;3800;60.0;1.0;USA;;;3852;47.0;9.0;634;;1000.0;1000.0;904.0;5203;7.5;Good
1211;1212;178.0;0.0;USA;40000000.0;75305995.0;110394;433.0;209.0;0;138.0;904.0;876.0;748.0;5074;7.7;Good
1933;1934;93.0;1.0;UK;25000000.0;29247405.0;28377;261.0;33.0;0;14.0;1000.0;401.0;199.0;2176;3.3;Bad
3975;3976;115.0;1.0;Brazil;8000000.0;;2650;35.0;42.0;385;6.0;119.0;69.0;24.0;222;7.5;Good
4171;4172;86.0;2.0;USA;2800000.0;475000.0;6930;53.0;20.0;323;3.0;833.0;549.0;327.0;2753;6.0;Fair
4317;4318;119.0;2.0;South Africa;2000000.0;4958.0;9689;23.0;30.0;1000;5.0;29.0;18.0;12.0;86;7.8;Good
4815;4816;88.0;1.0;USA;1750211.0;1523883.0;9037;70.0;110.0;0;30.0;15.0;0.0;0.0;15;7.8;Good
1246;1247;98.0;1.0;USA;40000000.0;59588068.0;89557;376.0;207.0;0;326.0;21000.0;534.0;416.0;22318;5.8;Fair
2301;2302;110.0;19.0;USA;20000000.0;8888355.0;7894;25.0;65.0;0;9.0;997.0;941.0;826.0;3177;5.0;Fair
430;431;82.0;0.0;USA;85000000.0;43575716.0;10233;63.0;91.0;0;62.0;975.0;760.0;615.0;3326;4.3;Fair
4337;4338;102.0;0.0;USA;2000000.0;;2242;15.0;27.0;69;909.0;909.0;562.0;119.0;1674;5.3;Fair
1667;1668;106.0;0.0;USA;30000000.0;32154410.0;148327;274.0;450.0;29000;0.0;17000.0;681.0;273.0;18469;7.1;Good
822;823;125.0;2.0;USA;58000000.0;44665963.0;159931;281.0;246.0;22000;189.0;1000.0;847.0;839.0;5081;6.3;Good
3760;3761;90.0;4.0;USA;5000000.0;6755271.0;7319;131.0;56.0;327;23.0;847.0;591.0;560.0;3004;5.3;Fair
3390;3391;92.0;1.0;UK;8000000.0;8279017.0;34191;339.0;196.0;0;54.0;776.0;595.0;306.0;1761;6.9;Good
4470;4471;97.0;2.0;India;1500000.0;100358.0;1167;24.0;5.0;66;0.0;374.0;145.0;40.0;602;3.3;Bad
650;651;103.0;0.0;USA;59000000.0;176387405.0;328159;467.0;193.0;3000;77.0;1000.0;939.0;835.0;5437;7.6;Good
3570;3571;106.0;0.0;UK;6500000.0;64148.0;2601;35.0;28.0;260;19.0;844.0;2.0;0.0;846;7.3;Good
794;795;104.0;0.0;USA;60000000.0;30063805.0;31788;243.0;117.0;0;293.0;780.0;265.0;256.0;2109;6.1;Good
4968;4969;106.0;1.0;USA;;;544;19.0;14.0;65;6.0;440.0;98.0;13.0;564;6.8;Good
2052;2053;85.0;6.0;USA;23000000.0;86930411.0;83269;87.0;43.0;0;119.0;3000.0;348.0;144.0;3847;6.8;Good
3345;3346;106.0;0.0;USA;9000000.0;6262942.0;59545;312.0;346.0;18000;78.0;0.0;;;0;6.9;Good
2711;2712;107.0;1.0;UK;15000000.0;7757130.0;307639;513.0;300.0;32000;454.0;65.0;49.0;39.0;173;8.0;Good
4245;4246;81.0;1.0;USA;2100000.0;;1274;17.0;19.0;380;7.0;412.0;308.0;106.0;1020;5.5;Fair
520;521;98.0;0.0;USA;76000000.0;368049635.0;286877;284.0;306.0;56000;275.0;7000.0;2000.0;1000.0;11905;7.5;Good
1441;1442;104.0;0.0;USA;35000000.0;37481242.0;40654;97.0;148.0;0;16.0;1000.0;700.0;584.0;3356;5.3;Fair
2233;2234;97.0;0.0;USA;20000000.0;23292105.0;39541;334.0;120.0;3000;212.0;960.0;917.0;637.0;3261;5.3;Fair
1697;1698;106.0;1.0;USA;30000000.0;18298649.0;85024;242.0;358.0;23000;44.0;596.0;343.0;133.0;1393;6.4;Good
2075;2076;141.0;2.0;USA;23000000.0;16123851.0;17373;148.0;118.0;767;300.0;805.0;539.0;73.0;1618;6.2;Good
402;403;107.0;2.0;USA;85000000.0;127706877.0;142496;399.0;222.0;0;36.0;283.0;142.0;118.0;662;7.1;Good
210;211;132.0;3.0;USA;125000000.0;209805005.0;284792;366.0;342.0;54000;681.0;23000.0;14000.0;12000.0;55345;7.3;Good
4068;4069;125.0;2.0;USA;3000000.0;;109335;241.0;183.0;0;0.0;516.0;417.0;180.0;1328;8.3;Excellent
3718;3719;110.0;0.0;UK;5000000.0;21994911.0;98354;433.0;151.0;0;335.0;838.0;203.0;34.0;1122;7.7;Good
1595;1596;99.0;0.0;USA;38000000.0;113502246.0;96607;125.0;55.0;5000;188.0;1000.0;1000.0;436.0;3696;6.8;Good
4990;4991;47.0;0.0;USA;50000.0;;6261;99.0;60.0;0;2.0;19.0;9.0;5.0;43;7.3;Good
1496;1497;101.0;0.0;USA;35000000.0;6448817.0;2189;31.0;24.0;0;31.0;690.0;457.0;448.0;1993;4.6;Fair
5001;5002;75.0;0.0;USA;50000.0;;106;5.0;7.0;225;14.0;252.0;132.0;130.0;638;3.7;Bad
2088;2089;122.0;3.0;USA;22000000.0;54235441.0;52894;185.0;180.0;55000;529.0;820.0;201.0;171.0;1484;7.3;Good
1779;1780;117.0;4.0;USA;21000000.0;28563179.0;72693;199.0;222.0;0;115.0;3000.0;327.0;97.0;3681;6.9;Good
4613;4614;94.0;1.0;UK;;;340;7.0;12.0;32;82.0;694.0;196.0;47.0;964;7.3;Good
105;106;113.0;1.0;USA;170000000.0;76846624.0;21352;131.0;218.0;30000;33.0;40000.0;25000.0;11000.0;80806;6.4;Good
2705;2706;108.0;0.0;USA;16000000.0;9172810.0;24150;118.0;190.0;923;187.0;11000.0;883.0;254.0;12178;6.7;Good
4091;4092;90.0;0.0;USA;;4033268.0;9808;53.0;133.0;0;132.0;1000.0;864.0;547.0;3692;6.6;Good
2179;2180;104.0;0.0;USA;1800000.0;;82476;280.0;138.0;0;607.0;813.0;165.0;109.0;1196;7.8;Good
1139;1140;147.0;3.0;USA;44000000.0;53300852.0;154487;259.0;73.0;0;272.0;22000.0;11000.0;893.0;37076;7.5;Good
223;224;123.0;1.0;USA;110000000.0;115802596.0;182661;681.0;276.0;0;160.0;12000.0;701.0;402.0;14017;5.2;Fair
3053;3054;109.0;2.0;UK;11000000.0;33305037.0;33856;147.0;203.0;34000;64.0;16000.0;638.0;553.0;17866;7.3;Good
4047;4048;108.0;0.0;Canada;3200000.0;;9356;47.0;188.0;0;43.0;691.0;480.0;463.0;1962;5.7;Fair
8;9;153.0;3.0;UK;250000000.0;301956980.0;321795;973.0;375.0;10000;282.0;25000.0;11000.0;10000.0;58753;7.5;Good
2939;2940;92.0;1.0;USA;12000000.0;31397498.0;44130;156.0;172.0;0;0.0;17000.0;527.0;451.0;18765;5.4;Fair
4898;4899;85.0;0.0;USA;200000.0;381225.0;131;13.0;15.0;30;0.0;66.0;0.0;0.0;66;7.2;Good
2646;2647;114.0;0.0;USA;15000000.0;32721635.0;67822;279.0;241.0;0;29.0;956.0;878.0;616.0;3861;6.6;Good
4233;4234;90.0;2.0;Spain;;;1351;4.0;5.0;452;0.0;1000.0;800.0;708.0;3799;4.8;Fair
3490;3491;103.0;3.0;USA;7000000.0;17474107.0;56605;89.0;180.0;23000;44.0;637.0;256.0;190.0;1342;7.3;Good
1750;1751;104.0;0.0;USA;60000000.0;74058698.0;59232;317.0;133.0;0;93.0;11000.0;2000.0;878.0;17109;6.3;Good
1170;1171;80.0;4.0;China;31000000.0;84961.0;149414;841.0;283.0;0;611.0;5000.0;643.0;576.0;6229;7.9;Good
4823;4824;65.0;1.0;USA;325000.0;;64888;235.0;124.0;0;964.0;380.0;114.0;21.0;540;8.2;Excellent
2574;2575;108.0;7.0;USA;16000000.0;;5237;90.0;42.0;392;38.0;940.0;416.0;316.0;1945;4.9;Fair
922;923;116.0;1.0;USA;51000000.0;90567722.0;185878;481.0;155.0;0;101.0;889.0;624.0;79.0;1711;6.5;Good
4711;4712;90.0;0.0;USA;600000.0;13493.0;531;19.0;18.0;51;4.0;919.0;711.0;218.0;2288;6.6;Good
3926;3927;93.0;1.0;USA;4000000.0;2426851.0;16224;76.0;121.0;830;131.0;497.0;113.0;90.0;776;6.5;Good
1978;1979;133.0;2.0;UK;28000000.0;11030963.0;24145;93.0;44.0;0;277.0;25000.0;14000.0;8000.0;48482;7.1;Good
3809;3810;95.0;7.0;USA;;;1091;15.0;6.0;0;7.0;989.0;970.0;541.0;3514;5.1;Fair
1;2;169.0;0.0;USA;300000000.0;309404152.0;471220;1238.0;302.0;0;563.0;40000.0;5000.0;1000.0;48350;7.1;Good
3408;3409;104.0;1.0;USA;8000000.0;16168741.0;99430;182.0;283.0;43000;109.0;480.0;12.0;7.0;517;7.4;Good
761;762;99.0;3.0;UK;60000000.0;62401264.0;69484;323.0;225.0;28000;24.0;18000.0;992.0;864.0;20276;5.9;Fair
1160;1161;105.0;2.0;USA;42000000.0;45290318.0;74169;112.0;154.0;17000;153.0;4000.0;828.0;491.0;6727;6.5;Good
743;744;100.0;1.0;USA;60000000.0;75280058.0;143121;279.0;310.0;10000;253.0;309.0;229.0;57.0;647;7.7;Good
1157;1158;117.0;1.0;USA;40000000.0;70100000.0;20183;41.0;21.0;0;71.0;723.0;558.0;547.0;3841;5.4;Fair
204;205;143.0;3.0;USA;140000000.0;305388685.0;809474;2113.0;271.0;10000;563.0;40000.0;5000.0;1000.0;48184;8.1;Excellent
4044;4045;95.0;0.0;USA;3200000.0;;25542;252.0;130.0;0;38.0;164000.0;2000.0;898.0;170118;6.4;Good
4544;4545;83.0;0.0;USA;1000000.0;53245055.0;30570;290.0;225.0;12000;19.0;403.0;169.0;128.0;988;4.2;Fair
14;15;143.0;0.0;USA;225000000.0;291021565.0;548573;2536.0;733.0;118000;0.0;15000.0;3000.0;748.0;20495;7.2;Good
2902;2903;101.0;2.0;USA;16000000.0;11956207.0;24012;126.0;167.0;0;10.0;1000.0;668.0;472.0;3142;5.1;Fair
4772;4773;97.0;5.0;USA;500000.0;;259;20.0;10.0;707;163.0;636.0;456.0;303.0;2438;7.4;Good
3976;3977;95.0;0.0;Canada;3500000.0;37606.0;31836;90.0;78.0;0;89.0;963.0;654.0;388.0;2658;6.8;Good
2687;2688;121.0;4.0;USA;15000000.0;12549485.0;4603;91.0;81.0;489;16.0;907.0;585.0;526.0;3633;6.2;Good
4737;4738;101.0;0.0;USA;500000.0;1111615.0;651;34.0;3.0;44;0.0;69.0;34.0;17.0;155;6.0;Fair
1964;1965;85.0;1.0;USA;25000000.0;13973532.0;11211;92.0;52.0;215;54.0;985.0;637.0;455.0;3065;5.1;Fair
292;293;98.0;10.0;USA;100000000.0;148383780.0;85531;152.0;180.0;0;80.0;22000.0;713.0;708.0;24082;5.5;Fair
4725;4726;79.0;1.0;USA;500000.0;30500882.0;42256;916.0;235.0;0;9.0;48.0;10.0;7.0;67;5.7;Fair
2476;2477;91.0;2.0;France;18000000.0;;5693;34.0;59.0;0;512.0;11000.0;918.0;413.0;13545;5.3;Fair
3675;3676;95.0;0.0;USA;;;1955;44.0;24.0;438;14.0;113.0;110.0;60.0;396;3.4;Bad
1604;1605;103.0;2.0;USA;30000000.0;106694016.0;123940;337.0;145.0;0;11000.0;22000.0;979.0;636.0;24333;6.7;Good
4398;4399;111.0;2.0;USA;1650000.0;2580.0;1618;40.0;22.0;63;1000.0;2000.0;163.0;127.0;2564;5.4;Fair
3613;3614;84.0;1.0;USA;6000000.0;5895238.0;17169;70.0;133.0;9000;4.0;8000.0;806.0;546.0;10123;5.5;Fair
2600;2601;103.0;5.0;USA;18000000.0;285761243.0;311075;305.0;102.0;20000;0.0;3000.0;1000.0;925.0;7521;7.5;Good
1200;1201;118.0;0.0;USA;40000000.0;87666629.0;283480;263.0;111.0;0;0.0;1000.0;869.0;690.0;3986;7.4;Good
1090;1091;91.0;0.0;USA;45000000.0;66790248.0;57281;350.0;167.0;0;50.0;521.0;108.0;67.0;758;6.5;Good
926;927;90.0;1.0;USA;60000000.0;267652016.0;467113;945.0;212.0;0;80.0;145.0;50.0;21.0;275;7.9;Good
4932;4933;93.0;0.0;USA;160000.0;155984.0;586;9.0;29.0;0;0.0;58.0;2.0;2.0;62;7.4;Good
768;769;101.0;0.0;USA;60000000.0;43060566.0;107859;569.0;138.0;0;38.0;23000.0;18000.0;11000.0;53024;6.2;Good
4818;4819;43.0;6.0;USA;;;72017;323.0;23.0;17000;;2000.0;821.0;576.0;5052;6.7;Good
2777;2778;110.0;1.0;USA;;35010192.0;6352;43.0;42.0;0;0.0;849.0;597.0;490.0;2226;5.4;Fair
2341;2342;30.0;4.0;UK;;;18;;;0;;310.0;11.0;9.0;344;7.2;Good
2885;2886;118.0;4.0;USA;13000000.0;1150403.0;14143;102.0;129.0;0;41.0;2000.0;812.0;442.0;3474;7.1;Good
2310;2311;100.0;0.0;USA;8700000.0;5480996.0;89383;293.0;232.0;0;0.0;21000.0;18000.0;407.0;39507;7.1;Good
2275;2276;123.0;0.0;USA;20000000.0;13391174.0;5796;177.0;36.0;0;6.0;541.0;249.0;85.0;908;6.3;Good
2746;2747;93.0;1.0;USA;15000000.0;20380.0;7519;39.0;50.0;445;17.0;1000.0;165.0;66.0;1245;5.9;Fair
4278;4279;101.0;0.0;USA;2000000.0;2506446.0;8662;172.0;108.0;134;0.0;8000.0;724.0;685.0;11327;4.7;Fair
1602;1603;138.0;0.0;USA;25000000.0;90135191.0;338415;935.0;229.0;12000;16000.0;616.0;541.0;262.0;1942;8.0;Good
571;572;87.0;0.0;USA;72000000.0;112950721.0;33884;79.0;91.0;266;41.0;1000.0;692.0;574.0;3287;4.6;Fair
355;356;130.0;0.0;USA;100000000.0;155370362.0;98403;683.0;185.0;0;0.0;11000.0;627.0;568.0;12890;6.6;Good
1329;1330;107.0;1.0;USA;39000000.0;63411478.0;114925;234.0;214.0;13000;124.0;152.0;142.0;100.0;568;7.1;Good
254;255;126.0;2.0;USA;120000000.0;186336103.0;348861;798.0;233.0;0;218.0;11000.0;11000.0;322.0;22722;6.5;Good
1132;1133;52.0;9.0;France;;;15762;47.0;23.0;17000;;164.0;116.0;114.0;654;8.3;Excellent
4103;4104;102.0;0.0;USA;3000000.0;1821983.0;31089;261.0;254.0;20000;0.0;40000.0;3000.0;387.0;43810;5.4;Fair
3088;3089;126.0;2.0;USA;10000000.0;138339411.0;604904;682.0;161.0;31000;835.0;49000.0;13000.0;893.0;63710;8.3;Excellent
1810;1811;82.0;0.0;USA;27000000.0;31768374.0;42761;366.0;152.0;2000;49.0;1000.0;888.0;429.0;3313;5.6;Fair
4554;4555;107.0;1.0;USA;;5355847.0;6110;82.0;40.0;0;10.0;544.0;264.0;245.0;1147;6.8;Good
1746;1747;90.0;0.0;USA;28000000.0;217350219.0;260939;244.0;124.0;0;63.0;49000.0;2000.0;631.0;52970;8.0;Good
678;679;111.0;4.0;USA;45000000.0;36064910.0;166610;211.0;230.0;0;545.0;26000.0;872.0;805.0;28643;6.4;Good
1232;1233;130.0;1.0;USA;40000000.0;53082743.0;844052;1100.0;341.0;49000;22000.0;23000.0;20000.0;19000.0;63986;8.5;Excellent
1030;1031;87.0;0.0;USA;50000000.0;6291602.0;8070;91.0;82.0;255;0.0;2000.0;602.0;591.0;3954;5.6;Fair
2098;2099;110.0;2.0;USA;40000000.0;5773519.0;28621;91.0;159.0;11000;118.0;11000.0;1000.0;287.0;12876;6.0;Fair
931;932;139.0;0.0;USA;50000000.0;147637474.0;224671;470.0;156.0;11000;274.0;625.0;440.0;285.0;1474;7.7;Good
293;294;116.0;2.0;USA;100000000.0;119219978.0;189806;316.0;265.0;16000;285.0;12000.0;8000.0;107.0;20233;6.7;Good
4678;4679;95.0;0.0;UK;500000.0;26297.0;25750;209.0;255.0;0;214.0;513.0;257.0;246.0;1269;6.3;Good
2561;2562;100.0;9.0;USA;20000000.0;55461307.0;4654;46.0;81.0;18000;24.0;15000.0;1000.0;851.0;18786;6.7;Good
4307;4308;94.0;7.0;USA;;137945.0;6223;40.0;81.0;0;98.0;10000.0;773.0;89.0;10869;5.9;Fair
927;928;106.0;2.0;USA;50200000.0;62453315.0;200035;407.0;413.0;36000;53.0;13000.0;963.0;593.0;14607;7.1;Good
4189;4190;105.0;1.0;USA;2500000.0;5400000.0;183288;395.0;121.0;22000;0.0;15.0;12.0;4.0;36;8.1;Excellent
2293;2294;99.0;1.0;USA;21000000.0;8855646.0;49855;117.0;160.0;10000;52.0;22000.0;1000.0;148.0;23409;7.2;Good
2249;2250;148.0;0.0;USA;15000000.0;18352454.0;426359;760.0;274.0;76000;0.0;17000.0;882.0;826.0;18752;8.2;Excellent
551;552;134.0;3.0;USA;55000000.0;37600435.0;55350;180.0;53.0;0;109.0;919.0;303.0;249.0;1695;5.9;Fair
1445;1446;102.0;1.0;USA;;;16323;91.0;40.0;0;23.0;288.0;257.0;57.0;677;7.3;Good
4540;4541;90.0;0.0;USA;1000000.0;10042266.0;23021;220.0;137.0;816;65.0;1000.0;989.0;683.0;3155;5.9;Fair
3520;3521;107.0;1.0;UK;9000000.0;1000000.0;2215;26.0;6.0;122;6.0;963.0;750.0;375.0;2209;6.3;Good
1899;1900;117.0;1.0;USA;25000000.0;51533608.0;203111;755.0;408.0;32000;248.0;14000.0;798.0;726.0;16606;6.8;Good
3214;3215;119.0;0.0;Spain;;836641.0;1402;40.0;36.0;74;0.0;816.0;623.0;54.0;1585;6.2;Good
4416;4417;112.0;1.0;USA;1500000.0;712294.0;9408;68.0;75.0;608;58.0;552.0;265.0;42.0;859;6.7;Good
4220;4221;108.0;3.0;USA;2295429.0;;3538;46.0;14.0;438;24.0;960.0;715.0;244.0;2329;7.0;Good
2055;2056;112.0;0.0;USA;23000000.0;39235088.0;193962;805.0;214.0;5000;123.0;14000.0;991.0;787.0;16196;7.1;Good
3374;3375;142.0;2.0;UK;7000000.0;22800000.0;59941;452.0;143.0;0;13.0;803.0;314.0;244.0;1769;6.8;Good
2406;2407;180.0;0.0;USA;18000000.0;51600000.0;270790;549.0;134.0;16000;869.0;692.0;670.0;521.0;3076;8.3;Excellent
911;912;157.0;0.0;USA;40000000.0;95720716.0;216032;640.0;558.0;39000;0.0;1000.0;1000.0;304.0;2759;7.4;Good
256;257;170.0;0.0;USA;110000000.0;102608827.0;264318;799.0;267.0;0;17000.0;29000.0;3000.0;827.0;34582;7.5;Good
4396;4397;;4.0;India;70000000.0;129319.0;257;4.0;4.0;9;0.0;421.0;96.0;45.0;622;5.1;Fair
4029;4030;99.0;2.0;UK;2200000.0;104257.0;19194;160.0;47.0;0;8.0;798.0;472.0;78.0;1430;7.1;Good
1082;1083;101.0;0.0;Germany;60000000.0;82931301.0;43358;228.0;132.0;0;126.0;3000.0;949.0;586.0;6292;5.5;Fair
1348;1349;115.0;1.0;USA;38000000.0;39177215.0;30667;234.0;98.0;0;150.0;970.0;919.0;789.0;3770;5.6;Fair
3286;3287;123.0;1.0;USA;9000000.0;24530513.0;66610;429.0;263.0;0;909.0;909.0;203.0;184.0;1633;8.0;Good
3427;3428;90.0;0.0;UK;7900000.0;671240.0;23023;149.0;85.0;0;21.0;186.0;119.0;112.0;619;6.9;Good
1557;1558;96.0;1.0;USA;32000000.0;31493782.0;186606;1125.0;441.0;0;0.0;10000.0;917.0;882.0;12754;7.5;Good
2181;2182;85.0;0.0;USA;20000000.0;48546578.0;50415;613.0;99.0;806;64.0;3000.0;869.0;729.0;6539;2.7;Bad
4533;4534;83.0;0.0;USA;1000000.0;31537320.0;44329;309.0;270.0;13000;6.0;707.0;305.0;142.0;1565;5.7;Fair
2704;2705;118.0;1.0;USA;15000000.0;9059588.0;17261;125.0;71.0;455;41.0;556.0;463.0;274.0;1873;6.6;Good
2226;2227;99.0;5.0;USA;20000000.0;25584685.0;15877;102.0;93.0;590;26.0;720.0;669.0;650.0;3327;5.9;Fair
2090;2091;132.0;0.0;USA;22000000.0;40270895.0;121937;431.0;129.0;15000;24.0;967.0;912.0;506.0;3152;7.6;Good
2915;2916;132.0;0.0;USA;8000000.0;204565000.0;284252;1058.0;304.0;18000;607.0;1000.0;931.0;259.0;2466;8.0;Good
4444;4445;97.0;3.0;USA;1500000.0;;735;18.0;6.0;402;764.0;835.0;522.0;492.0;2882;3.1;Bad
1867;1868;133.0;3.0;USA;25000000.0;172825435.0;383784;331.0;100.0;12000;272.0;10000.0;898.0;628.0;12285;8.0;Good
1122;1123;100.0;0.0;Australia;45000000.0;17300889.0;27648;148.0;60.0;0;23.0;1000.0;642.0;579.0;3855;4.9;Fair
1625;1626;98.0;1.0;USA;37000000.0;56044241.0;122187;339.0;119.0;0;56.0;3000.0;2000.0;533.0;6742;6.1;Good
3405;3406;106.0;2.0;USA;8000000.0;532190.0;5673;37.0;23.0;0;23.0;1000.0;273.0;200.0;1610;6.8;Good
2519;2520;122.0;2.0;Germany;17000000.0;6855137.0;88590;419.0;157.0;0;47.0;23000.0;979.0;834.0;27381;7.4;Good
3411;3412;180.0;2.0;UK;;;2098;12.0;17.0;434;0.0;3000.0;2000.0;844.0;6343;7.2;Good
4480;4481;118.0;5.0;USA;1250000.0;;15840;124.0;74.0;0;673.0;595.0;176.0;137.0;1129;7.8;Good
1484;1485;120.0;1.0;USA;35000000.0;18317151.0;55630;200.0;171.0;0;52.0;553.0;214.0;134.0;1082;6.7;Good
2894;2895;100.0;0.0;Canada;12500000.0;;16281;96.0;62.0;0;218.0;581.0;201.0;91.0;931;7.4;Good
10;11;169.0;0.0;USA;209000000.0;200069408.0;240396;2367.0;434.0;0;0.0;18000.0;10000.0;903.0;29991;6.1;Good
2080;2081;127.0;0.0;USA;22000000.0;217631306.0;154199;252.0;77.0;0;109.0;2000.0;956.0;71.0;3100;7.0;Good
425;426;109.0;1.0;USA;65000000.0;123307945.0;39391;171.0;94.0;374;88.0;611.0;592.0;571.0;2818;4.3;Fair
2737;2738;98.0;1.0;UK;15000000.0;353743.0;20730;111.0;109.0;664;34.0;936.0;826.0;730.0;3578;6.9;Good
895;896;123.0;0.0;USA;57000000.0;26838389.0;58658;495.0;190.0;0;488.0;5000.0;4000.0;2000.0;12700;6.4;Good
2234;2235;103.0;3.0;Germany;;26870825.0;22604;124.0;90.0;0;31.0;12000.0;804.0;733.0;14903;6.4;Good
3291;3292;120.0;3.0;USA;8000000.0;16938179.0;41313;246.0;132.0;0;46.0;14000.0;826.0;701.0;17336;7.0;Good
1984;1985;105.0;3.0;USA;25000000.0;10070000.0;5668;50.0;20.0;491;121.0;3000.0;624.0;354.0;5023;6.2;Good
2760;2761;139.0;1.0;Denmark;14200000.0;74205.0;18646;81.0;140.0;1000;3000.0;3000.0;769.0;236.0;4211;7.4;Good
2122;2123;92.0;0.0;USA;12000000.0;;9513;116.0;84.0;0;607.0;813.0;85.0;35.0;1011;7.7;Good
1592;1593;135.0;1.0;USA;30000000.0;122012643.0;143696;241.0;104.0;0;323.0;826.0;692.0;495.0;2575;7.6;Good
